Model1,Model2,statistic,pvalue_raw
DT,DT_KM_C,233.0,0.5587773307649863
DT,DT_KM_NN,279.0,0.748717188425581
DT,DT_KM_COS,231.0,0.5337476090857196
DT,DT_KM_COS_MAHA,254.0,0.6311105944430606
DT,DT_HDBSCAN_NN,66.0,0.0486266446382835
DT,DT_HDBSCAN_COS,120.0,0.15635478641466263
DT,DT_KM_SCAN_NN,78.0,0.06691846779013422
DT,DT_KM_SCAN_COS,329.0,0.9494303160373573
DT,DT_KM_SCAN_COS_MAHA,192.0,0.39901370209085585
DT,RF,12.0,0.0007807255067765369
DT,RF_KM_C,348.0,0.7428424522709339
DT,RF_KM_NN,313.0,0.973609076888707
DT,RF_KM_COS,265.0,0.7806238377793551
DT,RF_KM_COS_MAHA,331.5,0.4101340375109599
DT,RF_HDBSCAN_NN,244.0,0.7073255770858797
DT,RF_HDBSCAN_COS,208.0,0.6130915243174055
DT,RF_KM_SCAN_NN,222.0,0.6078942683420263
DT,RF_KM_SCAN_COS,246.5,0.9764511820676368
DT,RF_KM_SCAN_COS_MAHA,284.0,0.8162937682545863
DT,XGB,7.0,0.011605644143271034
DT,XGB_KM_C,356.0,0.32632201433972585
DT,XGB_KM_NN,306.0,0.8811286564991694
DT,XGB_KM_COS,378.0,0.4868605006915854
DT,XGB_KM_COS_MAHA,411.0,0.3228154782686473
DT,XGB_HDBSCAN_NN,377.0,0.23848595778701875
DT,XGB_HDBSCAN_COS,359.0,0.6628573628831448
DT,XGB_KM_SCAN_NN,331.0,0.9747310068559372
DT,XGB_KM_SCAN_COS,356.0,0.32234740859411204
DT,XGB_KM_SCAN_COS_MAHA,397.0,0.4867090372382813
DT,XGBRF,8.0,0.00023195073318064735
DT,XGBRF_KM_C,446.0,0.023731790422214984
DT,XGBRF_KM_NN,436.0,0.02906126517582671
DT,XGBRF_KM_COS,466.0,0.014537061732300306
DT,XGBRF_KM_COS_MAHA,450.0,0.0254165753933554
DT,XGBRF_HDBSCAN_NN,304.0,0.8556156472260468
DT,XGBRF_HDBSCAN_COS,258.0,0.6854150499830944
DT,XGBRF_KM_SCAN_NN,366.0,0.5515644638057688
DT,XGBRF_KM_SCAN_COS,344.0,0.9084136761403161
DT,XGBRF_KM_SCAN_COS_MAHA,476.0,0.07060025141461634
DT_KM_C,DT_KM_NN,159.5,0.9347411652317483
DT_KM_C,DT_KM_COS,26.0,0.8772900142999365
DT_KM_C,DT_KM_COS_MAHA,149.5,0.7219424126425591
DT_KM_C,DT_HDBSCAN_NN,86.0,0.006387314042283314
DT_KM_C,DT_HDBSCAN_COS,31.0,0.05064360561840344
DT_KM_C,DT_KM_SCAN_NN,6.0,0.0040878240351843965
DT_KM_C,DT_KM_SCAN_COS,21.5,0.09028747694686483
DT_KM_C,DT_KM_SCAN_COS_MAHA,42.0,0.500360859362813
DT_KM_C,RF,153.0,0.0005322648702321403
DT_KM_C,RF_KM_C,89.5,0.1358035724362692
DT_KM_C,RF_KM_NN,84.5,0.27262195171405157
DT_KM_C,RF_KM_COS,86.0,0.47291262336912243
DT_KM_C,RF_KM_COS_MAHA,95.0,0.03629927821261549
DT_KM_C,RF_HDBSCAN_NN,339.5,0.6477946361694151
DT_KM_C,RF_HDBSCAN_COS,348.5,0.9632797911890211
DT_KM_C,RF_KM_SCAN_NN,385.5,0.9484563379608614
DT_KM_C,RF_KM_SCAN_COS,371.0,0.7868293865648854
DT_KM_C,RF_KM_SCAN_COS_MAHA,82.5,0.39343923661298164
DT_KM_C,XGB,210.0,0.051868486386379156
DT_KM_C,XGB_KM_C,148.5,0.009418901294398383
DT_KM_C,XGB_KM_NN,107.5,0.3444424467848901
DT_KM_C,XGB_KM_COS,231.0,0.03676888717703208
DT_KM_C,XGB_KM_COS_MAHA,219.5,0.005358642612641281
DT_KM_C,XGB_HDBSCAN_NN,120.5,0.006053443731523542
DT_KM_C,XGB_HDBSCAN_COS,179.5,0.03911965667598879
DT_KM_C,XGB_KM_SCAN_NN,158.5,0.19626592407131804
DT_KM_C,XGB_KM_SCAN_COS,163.5,0.019530285358607485
DT_KM_C,XGB_KM_SCAN_COS_MAHA,194.0,0.013931505762679588
DT_KM_C,XGBRF,173.0,0.00047565648110664923
DT_KM_C,XGBRF_KM_C,56.0,3.4089799779458567e-06
DT_KM_C,XGBRF_KM_NN,42.5,5.633519423879545e-06
DT_KM_C,XGBRF_KM_COS,46.0,1.541650354556414e-06
DT_KM_C,XGBRF_KM_COS_MAHA,101.0,2.2283126471084754e-05
DT_KM_C,XGBRF_HDBSCAN_NN,267.5,0.2942675110022501
DT_KM_C,XGBRF_HDBSCAN_COS,238.5,0.6259375109700809
DT_KM_C,XGBRF_KM_SCAN_NN,224.5,0.031507144167564546
DT_KM_C,XGBRF_KM_SCAN_COS,193.0,0.2694684708027769
DT_KM_C,XGBRF_KM_SCAN_COS_MAHA,86.0,2.5145955169632652e-05
DT_KM_NN,DT_KM_COS,166.0,0.8064381219942267
DT_KM_NN,DT_KM_COS_MAHA,18.5,0.3554922490346323
DT_KM_NN,DT_HDBSCAN_NN,0.0,0.0001580511830046009
DT_KM_NN,DT_HDBSCAN_COS,167.0,0.25827113953223113
DT_KM_NN,DT_KM_SCAN_NN,120.0,0.05200616868173959
DT_KM_NN,DT_KM_SCAN_COS,143.0,0.5959000843337997
DT_KM_NN,DT_KM_SCAN_COS_MAHA,139.0,0.518206197667215
DT_KM_NN,RF,212.0,0.0015426123498703634
DT_KM_NN,RF_KM_C,247.0,0.2593773920693635
DT_KM_NN,RF_KM_NN,207.5,0.4161984420383785
DT_KM_NN,RF_KM_COS,202.5,0.5306973912803178
DT_KM_NN,RF_KM_COS_MAHA,256.5,0.09129845106558865
DT_KM_NN,RF_HDBSCAN_NN,150.0,0.7322659713958564
DT_KM_NN,RF_HDBSCAN_COS,121.5,0.8678503724994431
DT_KM_NN,RF_KM_SCAN_NN,116.0,0.7208711220501738
DT_KM_NN,RF_KM_SCAN_COS,110.5,0.5944166754145033
DT_KM_NN,RF_KM_SCAN_COS_MAHA,208.0,0.4261406764638277
DT_KM_NN,XGB,253.0,0.08542670544278383
DT_KM_NN,XGB_KM_C,244.0,0.022671664972390957
DT_KM_NN,XGB_KM_NN,266.5,0.4172035096517146
DT_KM_NN,XGB_KM_COS,336.0,0.08796222472735954
DT_KM_NN,XGB_KM_COS_MAHA,363.5,0.019073247426048587
DT_KM_NN,XGB_HDBSCAN_NN,231.5,0.038875523394583174
DT_KM_NN,XGB_HDBSCAN_COS,317.0,0.20132531933979847
DT_KM_NN,XGB_KM_SCAN_NN,351.5,0.5837507169371188
DT_KM_NN,XGB_KM_SCAN_COS,261.5,0.06663556687706015
DT_KM_NN,XGB_KM_SCAN_COS_MAHA,332.0,0.04941461942765722
DT_KM_NN,XGBRF,234.0,0.0012850159999175058
DT_KM_NN,XGBRF_KM_C,165.5,0.0002807719995423731
DT_KM_NN,XGBRF_KM_NN,183.5,0.0006452754438946708
DT_KM_NN,XGBRF_KM_COS,168.5,0.0001781285178679629
DT_KM_NN,XGBRF_KM_COS_MAHA,202.0,0.000851379704674755
DT_KM_NN,XGBRF_HDBSCAN_NN,387.5,0.5676984800827325
DT_KM_NN,XGBRF_HDBSCAN_COS,363.5,0.9171629675703428
DT_KM_NN,XGBRF_KM_SCAN_NN,393.0,0.10227374482245746
DT_KM_NN,XGBRF_KM_SCAN_COS,365.0,0.5343417468161649
DT_KM_NN,XGBRF_KM_SCAN_COS_MAHA,152.0,0.000707443164075722
DT_KM_COS,DT_KM_COS_MAHA,154.5,0.8259398498831667
DT_KM_COS,DT_HDBSCAN_NN,68.0,0.005376990251801984
DT_KM_COS,DT_HDBSCAN_COS,16.0,0.05814634370615726
DT_KM_COS,DT_KM_SCAN_NN,8.5,0.003944882546768419
DT_KM_COS,DT_KM_SCAN_COS,15.0,0.05234506327316316
DT_KM_COS,DT_KM_SCAN_COS_MAHA,52.0,0.6413037449239116
DT_KM_COS,RF,174.0,0.0008550401038207282
DT_KM_COS,RF_KM_C,104.5,0.06695273220704913
DT_KM_COS,RF_KM_NN,81.5,0.13158676028118635
DT_KM_COS,RF_KM_COS,85.0,0.2780870822035113
DT_KM_COS,RF_KM_COS_MAHA,88.0,0.011834255060078501
DT_KM_COS,RF_HDBSCAN_NN,312.0,0.5444138336580125
DT_KM_COS,RF_HDBSCAN_COS,297.5,0.7706421027020506
DT_KM_COS,RF_KM_SCAN_NN,344.0,0.9075488243201325
DT_KM_COS,RF_KM_SCAN_COS,346.0,0.7174730929867132
DT_KM_COS,RF_KM_SCAN_COS_MAHA,97.0,0.20237713693790815
DT_KM_COS,XGB,210.0,0.05188678482181679
DT_KM_COS,XGB_KM_C,151.0,0.003590155105948297
DT_KM_COS,XGB_KM_NN,134.5,0.18264937313853646
DT_KM_COS,XGB_KM_COS,262.0,0.013911687771438147
DT_KM_COS,XGB_KM_COS_MAHA,205.5,0.0017708761791605453
DT_KM_COS,XGB_HDBSCAN_NN,100.5,0.0030592386490110087
DT_KM_COS,XGB_HDBSCAN_COS,191.0,0.038201627941957104
DT_KM_COS,XGB_KM_SCAN_NN,186.0,0.13813860176509749
DT_KM_COS,XGB_KM_SCAN_COS,165.5,0.00717951348491929
DT_KM_COS,XGB_KM_SCAN_COS_MAHA,240.0,0.010511103413868595
DT_KM_COS,XGBRF,157.0,0.00037962244896119085
DT_KM_COS,XGBRF_KM_C,39.5,2.291999813026587e-06
DT_KM_COS,XGBRF_KM_NN,29.0,4.213424789800131e-06
DT_KM_COS,XGBRF_KM_COS,31.5,1.1019564161111206e-06
DT_KM_COS,XGBRF_KM_COS_MAHA,73.0,1.4981194213140493e-05
DT_KM_COS,XGBRF_HDBSCAN_NN,271.0,0.21397273585799392
DT_KM_COS,XGBRF_HDBSCAN_COS,278.0,0.5364910572334757
DT_KM_COS,XGBRF_KM_SCAN_NN,244.5,0.023136342359457603
DT_KM_COS,XGBRF_KM_SCAN_COS,222.5,0.1885165384801719
DT_KM_COS,XGBRF_KM_SCAN_COS_MAHA,62.5,1.1336779507917548e-05
DT_KM_COS_MAHA,DT_HDBSCAN_NN,3.0,0.0004089695035988867
DT_KM_COS_MAHA,DT_HDBSCAN_COS,170.0,0.4317246982687847
DT_KM_COS_MAHA,DT_KM_SCAN_NN,148.0,0.11975125154262008
DT_KM_COS_MAHA,DT_KM_SCAN_COS,141.0,0.2389457222486634
DT_KM_COS_MAHA,DT_KM_SCAN_COS_MAHA,147.0,0.9300433822404333
DT_KM_COS_MAHA,RF,171.0,0.0007308880508565169
DT_KM_COS_MAHA,RF_KM_C,238.0,0.12843150967756026
DT_KM_COS_MAHA,RF_KM_NN,198.5,0.20469331570971094
DT_KM_COS_MAHA,RF_KM_COS,195.5,0.291864860034578
DT_KM_COS_MAHA,RF_KM_COS_MAHA,243.5,0.03531957040505918
DT_KM_COS_MAHA,RF_HDBSCAN_NN,157.5,0.4414971537739698
DT_KM_COS_MAHA,RF_HDBSCAN_COS,140.0,0.7708954464094873
DT_KM_COS_MAHA,RF_KM_SCAN_NN,150.0,0.7267101414532005
DT_KM_COS_MAHA,RF_KM_SCAN_COS,136.0,0.4664386127900908
DT_KM_COS_MAHA,RF_KM_SCAN_COS_MAHA,197.0,0.20020664876972116
DT_KM_COS_MAHA,XGB,231.0,0.06628566253877524
DT_KM_COS_MAHA,XGB_KM_C,242.0,0.007493981639755687
DT_KM_COS_MAHA,XGB_KM_NN,250.0,0.18121769653754483
DT_KM_COS_MAHA,XGB_KM_COS,302.0,0.03256412984843625
DT_KM_COS_MAHA,XGB_KM_COS_MAHA,284.5,0.004408236964025237
DT_KM_COS_MAHA,XGB_HDBSCAN_NN,201.0,0.011501768496538516
DT_KM_COS_MAHA,XGB_HDBSCAN_COS,233.0,0.0682304834006563
DT_KM_COS_MAHA,XGB_KM_SCAN_NN,306.5,0.23338982628150207
DT_KM_COS_MAHA,XGB_KM_SCAN_COS,231.5,0.023253697609635086
DT_KM_COS_MAHA,XGB_KM_SCAN_COS_MAHA,290.0,0.02107000059105957
DT_KM_COS_MAHA,XGBRF,191.0,0.0006169866608641434
DT_KM_COS_MAHA,XGBRF_KM_C,147.5,3.654228043908195e-05
DT_KM_COS_MAHA,XGBRF_KM_NN,178.5,9.255496261738453e-05
DT_KM_COS_MAHA,XGBRF_KM_COS,160.5,2.169374897332418e-05
DT_KM_COS_MAHA,XGBRF_KM_COS_MAHA,176.5,0.00013673812664787962
DT_KM_COS_MAHA,XGBRF_HDBSCAN_NN,315.5,0.2861335253111078
DT_KM_COS_MAHA,XGBRF_HDBSCAN_COS,311.0,0.5305708207901225
DT_KM_COS_MAHA,XGBRF_KM_SCAN_NN,296.5,0.031189767191540842
DT_KM_COS_MAHA,XGBRF_KM_SCAN_COS,345.0,0.2527305055648432
DT_KM_COS_MAHA,XGBRF_KM_SCAN_COS_MAHA,136.5,9.378369551798288e-05
DT_HDBSCAN_NN,DT_HDBSCAN_COS,54.5,0.054476938404393445
DT_HDBSCAN_NN,DT_KM_SCAN_NN,72.5,0.354029677989788
DT_HDBSCAN_NN,DT_KM_SCAN_COS,60.0,0.000505051359516744
DT_HDBSCAN_NN,DT_KM_SCAN_COS_MAHA,49.5,0.009917494089975762
DT_HDBSCAN_NN,RF,45.0,4.004797403983108e-05
DT_HDBSCAN_NN,RF_KM_C,92.5,0.00021642227390770126
DT_HDBSCAN_NN,RF_KM_NN,75.5,0.0005052911590990234
DT_HDBSCAN_NN,RF_KM_COS,74.5,0.0009240958463918276
DT_HDBSCAN_NN,RF_KM_COS_MAHA,94.5,4.111644657476636e-05
DT_HDBSCAN_NN,RF_HDBSCAN_NN,18.0,0.000652619464052476
DT_HDBSCAN_NN,RF_HDBSCAN_COS,16.0,0.0013266617251629636
DT_HDBSCAN_NN,RF_KM_SCAN_NN,18.0,0.0008603111172086691
DT_HDBSCAN_NN,RF_KM_SCAN_COS,18.0,0.000594689896969721
DT_HDBSCAN_NN,RF_KM_SCAN_COS_MAHA,76.5,0.0006211128570447646
DT_HDBSCAN_NN,XGB,66.0,0.0030317427964529783
DT_HDBSCAN_NN,XGB_KM_C,81.0,1.0889332212392219e-05
DT_HDBSCAN_NN,XGB_KM_NN,93.0,0.0005665983777635359
DT_HDBSCAN_NN,XGB_KM_COS,83.5,2.874020475853688e-05
DT_HDBSCAN_NN,XGB_KM_COS_MAHA,99.5,4.487076502449793e-06
DT_HDBSCAN_NN,XGB_HDBSCAN_NN,63.5,1.3225118046737895e-05
DT_HDBSCAN_NN,XGB_HDBSCAN_COS,79.0,0.00013989139175214776
DT_HDBSCAN_NN,XGB_KM_SCAN_NN,111.5,0.0006430727012677363
DT_HDBSCAN_NN,XGB_KM_SCAN_COS,81.5,2.6937811487371484e-05
DT_HDBSCAN_NN,XGB_KM_SCAN_COS_MAHA,75.0,9.7131780519912e-06
DT_HDBSCAN_NN,XGBRF,56.0,3.2572229903326885e-05
DT_HDBSCAN_NN,XGBRF_KM_C,69.0,8.105231525431907e-08
DT_HDBSCAN_NN,XGBRF_KM_NN,95.0,2.002212905587421e-07
DT_HDBSCAN_NN,XGBRF_KM_COS,75.5,3.822935021446491e-08
DT_HDBSCAN_NN,XGBRF_KM_COS_MAHA,68.5,1.0231922407590868e-07
DT_HDBSCAN_NN,XGBRF_HDBSCAN_NN,76.5,0.0005990153394618443
DT_HDBSCAN_NN,XGBRF_HDBSCAN_COS,72.0,0.0024491044016269527
DT_HDBSCAN_NN,XGBRF_KM_SCAN_NN,66.5,2.439401806972877e-05
DT_HDBSCAN_NN,XGBRF_KM_SCAN_COS,80.0,0.0004148166010730036
DT_HDBSCAN_NN,XGBRF_KM_SCAN_COS_MAHA,68.0,1.5407003181861757e-07
DT_HDBSCAN_COS,DT_KM_SCAN_NN,12.0,0.10917741334534459
DT_HDBSCAN_COS,DT_KM_SCAN_COS,6.0,0.0040878240351843965
DT_HDBSCAN_COS,DT_KM_SCAN_COS_MAHA,41.0,0.2639242267589542
DT_HDBSCAN_COS,RF,94.0,0.0001662344257093266
DT_HDBSCAN_COS,RF_KM_C,60.5,0.00311025636066547
DT_HDBSCAN_COS,RF_KM_NN,23.0,0.005166203870384891
DT_HDBSCAN_COS,RF_KM_COS,36.5,0.015966362942365937
DT_HDBSCAN_COS,RF_KM_COS_MAHA,32.5,0.00032952951779597803
DT_HDBSCAN_COS,RF_HDBSCAN_NN,187.0,0.08829836064627312
DT_HDBSCAN_COS,RF_HDBSCAN_COS,193.5,0.1778557547446853
DT_HDBSCAN_COS,RF_KM_SCAN_NN,233.5,0.2577874529672164
DT_HDBSCAN_COS,RF_KM_SCAN_COS,236.0,0.18536522664470834
DT_HDBSCAN_COS,RF_KM_SCAN_COS_MAHA,50.0,0.01085451617185658
DT_HDBSCAN_COS,XGB,105.0,0.008477509940564357
DT_HDBSCAN_COS,XGB_KM_C,108.0,0.00017119099621208195
DT_HDBSCAN_COS,XGB_KM_NN,91.0,0.016138495103821066
DT_HDBSCAN_COS,XGB_KM_COS,112.0,0.0005694667892961608
DT_HDBSCAN_COS,XGB_KM_COS_MAHA,107.5,5.96949784881491e-05
DT_HDBSCAN_COS,XGB_HDBSCAN_NN,56.0,0.00016503846080256942
DT_HDBSCAN_COS,XGB_HDBSCAN_COS,82.0,0.0015345454653392153
DT_HDBSCAN_COS,XGB_KM_SCAN_NN,90.5,0.009028079206701773
DT_HDBSCAN_COS,XGB_KM_SCAN_COS,103.5,0.0003719695473809857
DT_HDBSCAN_COS,XGB_KM_SCAN_COS_MAHA,87.0,0.00018377246813586245
DT_HDBSCAN_COS,XGBRF,91.0,8.06734688204478e-05
DT_HDBSCAN_COS,XGBRF_KM_C,31.0,1.50818810430436e-07
DT_HDBSCAN_COS,XGBRF_KM_NN,27.5,2.8548736537187655e-07
DT_HDBSCAN_COS,XGBRF_KM_COS,30.0,7.490504947290378e-08
DT_HDBSCAN_COS,XGBRF_KM_COS_MAHA,64.5,1.2425139746555057e-06
DT_HDBSCAN_COS,XGBRF_HDBSCAN_NN,126.5,0.026217509719234935
DT_HDBSCAN_COS,XGBRF_HDBSCAN_COS,125.5,0.0721553648249851
DT_HDBSCAN_COS,XGBRF_KM_SCAN_NN,120.0,0.0012531293626303532
DT_HDBSCAN_COS,XGBRF_KM_SCAN_COS,106.5,0.013882232610373762
DT_HDBSCAN_COS,XGBRF_KM_SCAN_COS_MAHA,51.0,7.16998585866343e-07
DT_KM_SCAN_NN,DT_KM_SCAN_COS,10.5,0.0004522740863740174
DT_KM_SCAN_NN,DT_KM_SCAN_COS_MAHA,10.0,0.007665450654551993
DT_KM_SCAN_NN,RF,55.0,5.368896385289989e-05
DT_KM_SCAN_NN,RF_KM_C,21.0,0.00019167630234600113
DT_KM_SCAN_NN,RF_KM_NN,4.5,0.00031821718031506727
DT_KM_SCAN_NN,RF_KM_COS,16.5,0.001303772174466901
DT_KM_SCAN_NN,RF_KM_COS_MAHA,3.0,2.4426108837571828e-05
DT_KM_SCAN_NN,RF_HDBSCAN_NN,147.5,0.02727121629616758
DT_KM_SCAN_NN,RF_HDBSCAN_COS,151.0,0.053821154481763195
DT_KM_SCAN_NN,RF_KM_SCAN_NN,178.0,0.05976042636383727
DT_KM_SCAN_NN,RF_KM_SCAN_COS,180.0,0.04069977112898581
DT_KM_SCAN_NN,RF_KM_SCAN_COS_MAHA,20.0,0.0007315047694044902
DT_KM_SCAN_NN,XGB,78.0,0.0043169458602400545
DT_KM_SCAN_NN,XGB_KM_C,23.0,3.742061804204391e-06
DT_KM_SCAN_NN,XGB_KM_NN,24.0,0.0003643054156900799
DT_KM_SCAN_NN,XGB_KM_COS,25.0,6.239934582699996e-06
DT_KM_SCAN_NN,XGB_KM_COS_MAHA,29.0,1.1208240779430275e-06
DT_KM_SCAN_NN,XGB_HDBSCAN_NN,20.0,3.4112433299604778e-06
DT_KM_SCAN_NN,XGB_HDBSCAN_COS,25.0,2.1174466501554577e-05
DT_KM_SCAN_NN,XGB_KM_SCAN_NN,27.0,0.00012023470806680548
DT_KM_SCAN_NN,XGB_KM_SCAN_COS,32.5,5.237019769071889e-06
DT_KM_SCAN_NN,XGB_KM_SCAN_COS_MAHA,40.0,2.7242325460204916e-06
DT_KM_SCAN_NN,XGBRF,78.0,5.749500781530874e-05
DT_KM_SCAN_NN,XGBRF_KM_C,40.0,2.4890504655808402e-08
DT_KM_SCAN_NN,XGBRF_KM_NN,29.0,4.7225189461166e-08
DT_KM_SCAN_NN,XGBRF_KM_COS,31.5,1.2398766768264007e-08
DT_KM_SCAN_NN,XGBRF_KM_COS_MAHA,46.5,2.0262604310824034e-08
DT_KM_SCAN_NN,XGBRF_HDBSCAN_NN,65.5,0.0014120519227432094
DT_KM_SCAN_NN,XGBRF_HDBSCAN_COS,65.5,0.004397419258483115
DT_KM_SCAN_NN,XGBRF_KM_SCAN_NN,40.5,0.00010388606298385283
DT_KM_SCAN_NN,XGBRF_KM_SCAN_COS,45.0,0.00038580319090576444
DT_KM_SCAN_NN,XGBRF_KM_SCAN_COS_MAHA,42.0,3.747833822527587e-08
DT_KM_SCAN_COS,DT_KM_SCAN_COS_MAHA,28.0,0.036607041528274764
DT_KM_SCAN_COS,RF,256.0,0.003050622433559878
DT_KM_SCAN_COS,RF_KM_C,125.5,0.4808673116631724
DT_KM_SCAN_COS,RF_KM_NN,99.5,0.8348711832691618
DT_KM_SCAN_COS,RF_KM_COS,88.5,0.791787622087645
DT_KM_SCAN_COS,RF_KM_COS_MAHA,108.5,0.13773878344861046
DT_KM_SCAN_COS,RF_HDBSCAN_NN,347.0,0.9448116369042978
DT_KM_SCAN_COS,RF_HDBSCAN_COS,305.0,0.654215257824854
DT_KM_SCAN_COS,RF_KM_SCAN_NN,333.5,0.5812737409517246
DT_KM_SCAN_COS,RF_KM_SCAN_COS,356.5,0.8362069328709091
DT_KM_SCAN_COS,RF_KM_SCAN_COS_MAHA,124.5,0.9475798344812876
DT_KM_SCAN_COS,XGB,300.0,0.13660758602984197
DT_KM_SCAN_COS,XGB_KM_C,230.5,0.0395831661609745
DT_KM_SCAN_COS,XGB_KM_NN,186.5,0.9516223389573205
DT_KM_SCAN_COS,XGB_KM_COS,264.0,0.17659258470439132
DT_KM_SCAN_COS,XGB_KM_COS_MAHA,282.5,0.03173508699132858
DT_KM_SCAN_COS,XGB_HDBSCAN_NN,121.0,0.03372734752239957
DT_KM_SCAN_COS,XGB_HDBSCAN_COS,279.5,0.26720779962584906
DT_KM_SCAN_COS,XGB_KM_SCAN_NN,175.5,0.7428457488019962
DT_KM_SCAN_COS,XGB_KM_SCAN_COS,208.0,0.07525248839700542
DT_KM_SCAN_COS,XGB_KM_SCAN_COS_MAHA,289.5,0.14867907190380467
DT_KM_SCAN_COS,XGBRF,257.0,0.0018780529222353153
DT_KM_SCAN_COS,XGBRF_KM_C,42.5,1.028164166144262e-05
DT_KM_SCAN_COS,XGBRF_KM_NN,41.0,3.8602891809393335e-05
DT_KM_SCAN_COS,XGBRF_KM_COS,21.0,3.901749327029178e-06
DT_KM_SCAN_COS,XGBRF_KM_COS_MAHA,61.0,6.598086611858385e-05
DT_KM_SCAN_COS,XGBRF_HDBSCAN_NN,342.0,0.8839396392955814
DT_KM_SCAN_COS,XGBRF_HDBSCAN_COS,302.5,0.6254945234467597
DT_KM_SCAN_COS,XGBRF_KM_SCAN_NN,368.0,0.19812375360440626
DT_KM_SCAN_COS,XGBRF_KM_SCAN_COS,288.0,0.8685733106451582
DT_KM_SCAN_COS,XGBRF_KM_SCAN_COS_MAHA,74.5,0.00017231186456470804
DT_KM_SCAN_COS_MAHA,RF,105.0,0.0001926729558988904
DT_KM_SCAN_COS_MAHA,RF_KM_C,61.5,0.01920399607289436
DT_KM_SCAN_COS_MAHA,RF_KM_NN,34.5,0.04279406943429137
DT_KM_SCAN_COS_MAHA,RF_KM_COS,37.0,0.10496902489210452
DT_KM_SCAN_COS_MAHA,RF_KM_COS_MAHA,49.0,0.0032550813094127705
DT_KM_SCAN_COS_MAHA,RF_HDBSCAN_NN,272.5,0.3330443697003409
DT_KM_SCAN_COS_MAHA,RF_HDBSCAN_COS,261.0,0.5250920280102704
DT_KM_SCAN_COS_MAHA,RF_KM_SCAN_NN,299.0,0.5811614777709064
DT_KM_SCAN_COS_MAHA,RF_KM_SCAN_COS,279.5,0.3905763029128798
DT_KM_SCAN_COS_MAHA,RF_KM_SCAN_COS_MAHA,46.0,0.0807201368273097
DT_KM_SCAN_COS_MAHA,XGB,190.0,0.03900750652248262
DT_KM_SCAN_COS_MAHA,XGB_KM_C,62.0,0.0003361736405406348
DT_KM_SCAN_COS_MAHA,XGB_KM_NN,41.5,0.05157268920023834
DT_KM_SCAN_COS_MAHA,XGB_KM_COS,132.0,0.003271825428696776
DT_KM_SCAN_COS_MAHA,XGB_KM_COS_MAHA,115.5,0.0002814033319273242
DT_KM_SCAN_COS_MAHA,XGB_HDBSCAN_NN,30.5,0.00026511854401095673
DT_KM_SCAN_COS_MAHA,XGB_HDBSCAN_COS,132.0,0.011283935167498276
DT_KM_SCAN_COS_MAHA,XGB_KM_SCAN_NN,57.0,0.021844473110426983
DT_KM_SCAN_COS_MAHA,XGB_KM_SCAN_COS,64.0,0.0007019875170157375
DT_KM_SCAN_COS_MAHA,XGB_KM_SCAN_COS_MAHA,145.0,0.002064610234548862
DT_KM_SCAN_COS_MAHA,XGBRF,155.0,0.0003349322325840524
DT_KM_SCAN_COS_MAHA,XGBRF_KM_C,59.5,1.2930540977492214e-06
DT_KM_SCAN_COS_MAHA,XGBRF_KM_NN,59.0,2.3050529617221194e-06
DT_KM_SCAN_COS_MAHA,XGBRF_KM_COS,64.0,6.505577357243026e-07
DT_KM_SCAN_COS_MAHA,XGBRF_KM_COS_MAHA,65.0,1.7416365257881818e-06
DT_KM_SCAN_COS_MAHA,XGBRF_HDBSCAN_NN,196.0,0.12059310374216717
DT_KM_SCAN_COS_MAHA,XGBRF_HDBSCAN_COS,200.0,0.33320667234770596
DT_KM_SCAN_COS_MAHA,XGBRF_KM_SCAN_NN,162.0,0.010588383204431874
DT_KM_SCAN_COS_MAHA,XGBRF_KM_SCAN_COS,144.0,0.09990579416442588
DT_KM_SCAN_COS_MAHA,XGBRF_KM_SCAN_COS_MAHA,56.0,4.364788033012773e-06
RF,RF_KM_C,309.5,0.0068958179097222926
RF,RF_KM_NN,239.5,0.0027165794820678164
RF,RF_KM_COS,194.0,0.0012413484299044707
RF,RF_KM_COS_MAHA,359.0,0.018258253963220564
RF,RF_HDBSCAN_NN,213.0,0.001641376589512713
RF,RF_HDBSCAN_COS,178.0,0.001036357839292246
RF,RF_KM_SCAN_NN,194.0,0.0012236581771275007
RF,RF_KM_SCAN_COS,216.0,0.003141477348755082
RF,RF_KM_SCAN_COS_MAHA,212.0,0.001563562400957715
RF,XGB,89.5,0.08077416555657893
RF,XGB_KM_C,384.0,0.0137319078739801
RF,XGB_KM_NN,255.0,0.0028969825144542815
RF,XGB_KM_COS,390.0,0.016123042626476045
RF,XGB_KM_COS_MAHA,447.0,0.026996537152416
RF,XGB_HDBSCAN_NN,387.0,0.014886639801147308
RF,XGB_HDBSCAN_COS,312.0,0.007432011208122621
RF,XGB_KM_SCAN_NN,256.0,0.0030520356688132624
RF,XGB_KM_SCAN_COS,333.0,0.008221774054606076
RF,XGB_KM_SCAN_COS_MAHA,386.0,0.01413251110523236
RF,XGBRF,229.0,0.9418298859981558
RF,XGBRF_KM_C,723.0,0.15283467983699056
RF,XGBRF_KM_NN,686.0,0.12795688008104925
RF,XGBRF_KM_COS,766.0,0.19130753744947993
RF,XGBRF_KM_COS_MAHA,689.0,0.13323560840755327
RF,XGBRF_HDBSCAN_NN,213.0,0.001610612845858845
RF,XGBRF_HDBSCAN_COS,193.0,0.0011799162525758728
RF,XGBRF_KM_SCAN_NN,288.0,0.005679325716222778
RF,XGBRF_KM_SCAN_COS,282.0,0.004421646563877196
RF,XGBRF_KM_SCAN_COS_MAHA,650.0,0.10608862798508092
RF_KM_C,RF_KM_NN,19.0,0.3837888896292222
RF_KM_C,RF_KM_COS,3.0,0.034790139526991
RF_KM_C,RF_KM_COS_MAHA,28.5,0.2264071912199498
RF_KM_C,RF_HDBSCAN_NN,320.0,0.45889507596891577
RF_KM_C,RF_HDBSCAN_COS,263.5,0.26954374317043317
RF_KM_C,RF_KM_SCAN_NN,310.0,0.254980203540909
RF_KM_C,RF_KM_SCAN_COS,287.5,0.32713490755972885
RF_KM_C,RF_KM_SCAN_COS_MAHA,15.0,0.1082829072114067
RF_KM_C,XGB,383.0,0.27487168337238976
RF_KM_C,XGB_KM_C,233.5,0.17891469154465423
RF_KM_C,XGB_KM_NN,123.5,0.44740738525152746
RF_KM_C,XGB_KM_COS,331.0,0.5615471266700472
RF_KM_C,XGB_KM_COS_MAHA,323.5,0.16280038445447897
RF_KM_C,XGB_HDBSCAN_NN,220.5,0.1851047858909315
RF_KM_C,XGB_HDBSCAN_COS,364.0,0.7145290995320646
RF_KM_C,XGB_KM_SCAN_NN,188.5,0.74037389702303
RF_KM_C,XGB_KM_SCAN_COS,206.0,0.2743392709043909
RF_KM_C,XGB_KM_SCAN_COS_MAHA,295.5,0.5473050800632261
RF_KM_C,XGBRF,356.5,0.010627313242947897
RF_KM_C,XGBRF_KM_C,228.0,0.004603905707930573
RF_KM_C,XGBRF_KM_NN,189.0,0.0077347196540961454
RF_KM_C,XGBRF_KM_COS,203.5,0.002829790927359787
RF_KM_C,XGBRF_KM_COS_MAHA,263.0,0.009724915489094255
RF_KM_C,XGBRF_HDBSCAN_NN,411.0,0.6094095554524341
RF_KM_C,XGBRF_HDBSCAN_COS,232.0,0.3766299115999172
RF_KM_C,XGBRF_KM_SCAN_NN,419.5,0.6860789883178381
RF_KM_C,XGBRF_KM_SCAN_COS,288.0,0.6544492550092182
RF_KM_C,XGBRF_KM_SCAN_COS_MAHA,211.0,0.01125207435744545
RF_KM_NN,RF_KM_COS,5.0,0.24625169969252703
RF_KM_NN,RF_KM_COS_MAHA,10.5,0.041644602248798485
RF_KM_NN,RF_HDBSCAN_NN,277.5,0.7268528351513038
RF_KM_NN,RF_HDBSCAN_COS,225.0,0.4561141193574201
RF_KM_NN,RF_KM_SCAN_NN,266.5,0.4106035015810108
RF_KM_NN,RF_KM_SCAN_COS,249.5,0.5706761077298792
RF_KM_NN,RF_KM_SCAN_COS_MAHA,10.0,0.495868184540851
RF_KM_NN,XGB,305.0,0.15476417437308262
RF_KM_NN,XGB_KM_C,191.0,0.06500687590987565
RF_KM_NN,XGB_KM_NN,147.5,0.9426046946719941
RF_KM_NN,XGB_KM_COS,306.5,0.34316655699803056
RF_KM_NN,XGB_KM_COS_MAHA,282.0,0.08221056196282432
RF_KM_NN,XGB_HDBSCAN_NN,169.5,0.07246661165263203
RF_KM_NN,XGB_HDBSCAN_COS,307.0,0.4955884609692295
RF_KM_NN,XGB_KM_SCAN_NN,182.0,0.8655099630829526
RF_KM_NN,XGB_KM_SCAN_COS,191.5,0.10639382369394124
RF_KM_NN,XGB_KM_SCAN_COS_MAHA,317.0,0.2959957551657847
RF_KM_NN,XGBRF,281.5,0.0044478017955112015
RF_KM_NN,XGBRF_KM_C,203.5,0.0015881045479745853
RF_KM_NN,XGBRF_KM_NN,199.5,0.0023776897415404164
RF_KM_NN,XGBRF_KM_COS,216.0,0.0009140222351142232
RF_KM_NN,XGBRF_KM_COS_MAHA,260.0,0.00487654089395369
RF_KM_NN,XGBRF_HDBSCAN_NN,421.0,0.9001119628240823
RF_KM_NN,XGBRF_HDBSCAN_COS,315.0,0.5732766619212364
RF_KM_NN,XGBRF_KM_SCAN_NN,404.5,0.402222752711189
RF_KM_NN,XGBRF_KM_SCAN_COS,346.5,0.938684739206775
RF_KM_NN,XGBRF_KM_SCAN_COS_MAHA,198.5,0.003696637152219373
RF_KM_COS,RF_KM_COS_MAHA,0.0,0.005934470694108594
RF_KM_COS,RF_HDBSCAN_NN,271.0,0.8633207926942861
RF_KM_COS,RF_HDBSCAN_COS,221.5,0.5984524852019866
RF_KM_COS,RF_KM_SCAN_NN,263.5,0.5511227368859433
RF_KM_COS,RF_KM_SCAN_COS,241.0,0.6612163870911687
RF_KM_COS,RF_KM_SCAN_COS_MAHA,9.0,0.7498050727300336
RF_KM_COS,XGB,253.0,0.08691297534078553
RF_KM_COS,XGB_KM_C,150.0,0.031148741958627428
RF_KM_COS,XGB_KM_NN,119.0,0.8064959405073401
RF_KM_COS,XGB_KM_COS,248.0,0.11220907274225918
RF_KM_COS,XGB_KM_COS_MAHA,199.5,0.020676210091505675
RF_KM_COS,XGB_HDBSCAN_NN,138.5,0.029807873616304825
RF_KM_COS,XGB_HDBSCAN_COS,287.5,0.3279415228982968
RF_KM_COS,XGB_KM_SCAN_NN,141.0,0.5609173856647631
RF_KM_COS,XGB_KM_SCAN_COS,162.0,0.05403112147749742
RF_KM_COS,XGB_KM_SCAN_COS_MAHA,233.0,0.10732379003784172
RF_KM_COS,XGBRF,230.0,0.0019200106661426445
RF_KM_COS,XGBRF_KM_C,125.5,0.00010148387132575951
RF_KM_COS,XGBRF_KM_NN,124.5,0.00017381639367350707
RF_KM_COS,XGBRF_KM_COS,133.0,5.1680739048042125e-05
RF_KM_COS,XGBRF_KM_COS_MAHA,171.5,0.0003372258355537961
RF_KM_COS,XGBRF_HDBSCAN_NN,383.0,0.9208269799381053
RF_KM_COS,XGBRF_HDBSCAN_COS,292.0,0.7016303850211842
RF_KM_COS,XGBRF_KM_SCAN_NN,361.0,0.17072734468758644
RF_KM_COS,XGBRF_KM_SCAN_COS,297.0,0.764853582215555
RF_KM_COS,XGBRF_KM_SCAN_COS_MAHA,122.5,0.0002479330644156206
RF_KM_COS_MAHA,RF_HDBSCAN_NN,309.0,0.16697467168891644
RF_KM_COS_MAHA,RF_HDBSCAN_COS,258.5,0.09818628144214231
RF_KM_COS_MAHA,RF_KM_SCAN_NN,284.0,0.08191342552355738
RF_KM_COS_MAHA,RF_KM_SCAN_COS,259.5,0.09796867816041
RF_KM_COS_MAHA,RF_KM_SCAN_COS_MAHA,15.0,0.016862199617276277
RF_KM_COS_MAHA,XGB,438.5,0.5065253049751148
RF_KM_COS_MAHA,XGB_KM_C,266.0,0.4173666901370545
RF_KM_COS_MAHA,XGB_KM_NN,140.5,0.15118452738999003
RF_KM_COS_MAHA,XGB_KM_COS,402.5,0.9184322282625702
RF_KM_COS_MAHA,XGB_KM_COS_MAHA,347.5,0.3968350249598427
RF_KM_COS_MAHA,XGB_HDBSCAN_NN,278.5,0.38528370003113677
RF_KM_COS_MAHA,XGB_HDBSCAN_COS,437.0,0.8541570605816171
RF_KM_COS_MAHA,XGB_KM_SCAN_NN,188.0,0.23586282150467996
RF_KM_COS_MAHA,XGB_KM_SCAN_COS,323.0,0.6631706417594558
RF_KM_COS_MAHA,XGB_KM_SCAN_COS_MAHA,398.5,0.874232895198189
RF_KM_COS_MAHA,XGBRF,382.0,0.021311182631065947
RF_KM_COS_MAHA,XGBRF_KM_C,294.0,0.02820373490989359
RF_KM_COS_MAHA,XGBRF_KM_NN,257.5,0.03760891579574945
RF_KM_COS_MAHA,XGBRF_KM_COS,279.0,0.01715156051585813
RF_KM_COS_MAHA,XGBRF_KM_COS_MAHA,355.5,0.06159528159561898
RF_KM_COS_MAHA,XGBRF_HDBSCAN_NN,416.5,0.35085596157241294
RF_KM_COS_MAHA,XGBRF_HDBSCAN_COS,304.5,0.14880455584360877
RF_KM_COS_MAHA,XGBRF_KM_SCAN_NN,507.5,0.9088079941827867
RF_KM_COS_MAHA,XGBRF_KM_SCAN_COS,308.5,0.36213903225889876
RF_KM_COS_MAHA,XGBRF_KM_SCAN_COS_MAHA,285.0,0.05509187325756442
RF_HDBSCAN_NN,RF_HDBSCAN_COS,9.5,0.4460595493707439
RF_HDBSCAN_NN,RF_KM_SCAN_NN,30.0,0.7895735542519725
RF_HDBSCAN_NN,RF_KM_SCAN_COS,38.5,0.9686883325827624
RF_HDBSCAN_NN,RF_KM_SCAN_COS_MAHA,281.0,0.7749840915044228
RF_HDBSCAN_NN,XGB,231.5,0.06921174484376247
RF_HDBSCAN_NN,XGB_KM_C,354.0,0.06193526638742707
RF_HDBSCAN_NN,XGB_KM_NN,362.5,0.6968136224821917
RF_HDBSCAN_NN,XGB_KM_COS,399.0,0.2540379594992911
RF_HDBSCAN_NN,XGB_KM_COS_MAHA,452.5,0.07096269451383128
RF_HDBSCAN_NN,XGB_HDBSCAN_NN,350.5,0.1316607065607691
RF_HDBSCAN_NN,XGB_HDBSCAN_COS,413.5,0.46587259035965944
RF_HDBSCAN_NN,XGB_KM_SCAN_NN,409.0,0.7774075601585887
RF_HDBSCAN_NN,XGB_KM_SCAN_COS,355.0,0.14726553822158583
RF_HDBSCAN_NN,XGB_KM_SCAN_COS_MAHA,471.5,0.22272952339133012
RF_HDBSCAN_NN,XGBRF,214.0,0.0009987255884370745
RF_HDBSCAN_NN,XGBRF_KM_C,337.5,0.001959992273254651
RF_HDBSCAN_NN,XGBRF_KM_NN,418.0,0.004391181357009347
RF_HDBSCAN_NN,XGBRF_KM_COS,361.5,0.0014123990392737335
RF_HDBSCAN_NN,XGBRF_KM_COS_MAHA,400.0,0.007153582117665928
RF_HDBSCAN_NN,XGBRF_HDBSCAN_NN,405.0,0.9457733684032876
RF_HDBSCAN_NN,XGBRF_HDBSCAN_COS,346.5,0.7257315298773579
RF_HDBSCAN_NN,XGBRF_KM_SCAN_NN,372.5,0.2212021862613721
RF_HDBSCAN_NN,XGBRF_KM_SCAN_COS,416.5,0.8542485095414201
RF_HDBSCAN_NN,XGBRF_KM_SCAN_COS_MAHA,393.0,0.005876821855991035
RF_HDBSCAN_COS,RF_KM_SCAN_NN,14.5,0.6197414285602061
RF_HDBSCAN_COS,RF_KM_SCAN_COS,16.0,0.44086703541808714
RF_HDBSCAN_COS,RF_KM_SCAN_COS_MAHA,229.5,0.5134102315149307
RF_HDBSCAN_COS,XGB,196.0,0.05052145254201428
RF_HDBSCAN_COS,XGB_KM_C,286.5,0.0370902176358659
RF_HDBSCAN_COS,XGB_KM_NN,307.0,0.49702909076770496
RF_HDBSCAN_COS,XGB_KM_COS,327.5,0.11529492185181707
RF_HDBSCAN_COS,XGB_KM_COS_MAHA,382.5,0.0335662072847196
RF_HDBSCAN_COS,XGB_HDBSCAN_NN,274.5,0.06434280893083727
RF_HDBSCAN_COS,XGB_HDBSCAN_COS,354.0,0.31604094597090027
RF_HDBSCAN_COS,XGB_KM_SCAN_NN,347.5,0.5487854714701235
RF_HDBSCAN_COS,XGB_KM_SCAN_COS,297.5,0.080320903776271
RF_HDBSCAN_COS,XGB_KM_SCAN_COS_MAHA,388.5,0.09082855031711351
RF_HDBSCAN_COS,XGBRF,180.0,0.0006576560435421717
RF_HDBSCAN_COS,XGBRF_KM_C,268.0,0.0008760263343259308
RF_HDBSCAN_COS,XGBRF_KM_NN,340.0,0.0020401000887543402
RF_HDBSCAN_COS,XGBRF_KM_COS,287.0,0.0005741009391338011
RF_HDBSCAN_COS,XGBRF_KM_COS_MAHA,310.0,0.0021707602682119183
RF_HDBSCAN_COS,XGBRF_HDBSCAN_NN,335.0,0.6030805704305522
RF_HDBSCAN_COS,XGBRF_HDBSCAN_COS,330.5,0.9684305762219003
RF_HDBSCAN_COS,XGBRF_KM_SCAN_NN,326.5,0.11574856985102064
RF_HDBSCAN_COS,XGBRF_KM_SCAN_COS,352.5,0.5962273072346305
RF_HDBSCAN_COS,XGBRF_KM_SCAN_COS_MAHA,315.5,0.0025565256813973648
RF_KM_SCAN_NN,RF_KM_SCAN_COS,21.0,0.8588323362422003
RF_KM_SCAN_NN,RF_KM_SCAN_COS_MAHA,269.5,0.44566495477519996
RF_KM_SCAN_NN,XGB,212.0,0.05578648595776768
RF_KM_SCAN_NN,XGB_KM_C,345.0,0.02930966855942676
RF_KM_SCAN_NN,XGB_KM_NN,368.0,0.407544042071062
RF_KM_SCAN_NN,XGB_KM_COS,396.5,0.10562341722436809
RF_KM_SCAN_NN,XGB_KM_COS_MAHA,459.0,0.03335599072541912
RF_KM_SCAN_NN,XGB_HDBSCAN_NN,334.5,0.05463819284028959
RF_KM_SCAN_NN,XGB_HDBSCAN_COS,422.0,0.2718079059041957
RF_KM_SCAN_NN,XGB_KM_SCAN_NN,420.0,0.5130936177734802
RF_KM_SCAN_NN,XGB_KM_SCAN_COS,341.5,0.06604146720447587
RF_KM_SCAN_NN,XGB_KM_SCAN_COS_MAHA,457.5,0.07337680944037307
RF_KM_SCAN_NN,XGBRF,195.0,0.0007432536865129657
RF_KM_SCAN_NN,XGBRF_KM_C,334.5,0.0009688358471972853
RF_KM_SCAN_NN,XGBRF_KM_NN,413.0,0.0021150891951899537
RF_KM_SCAN_NN,XGBRF_KM_COS,359.5,0.0007109874626432245
RF_KM_SCAN_NN,XGBRF_KM_COS_MAHA,378.5,0.002162097653011555
RF_KM_SCAN_NN,XGBRF_HDBSCAN_NN,408.0,0.5787734840014286
RF_KM_SCAN_NN,XGBRF_HDBSCAN_COS,406.0,0.9563486823140435
RF_KM_SCAN_NN,XGBRF_KM_SCAN_NN,399.0,0.1170287002089046
RF_KM_SCAN_NN,XGBRF_KM_SCAN_COS,427.0,0.56921766514205
RF_KM_SCAN_NN,XGBRF_KM_SCAN_COS_MAHA,387.5,0.0027603742515591926
RF_KM_SCAN_COS,RF_KM_SCAN_COS_MAHA,257.0,0.6701600037460342
RF_KM_SCAN_COS,XGB,233.5,0.11656325446235839
RF_KM_SCAN_COS,XGB_KM_C,369.0,0.05783019743588045
RF_KM_SCAN_COS,XGB_KM_NN,370.0,0.5853920101798948
RF_KM_SCAN_COS,XGB_KM_COS,398.5,0.17102293774958366
RF_KM_SCAN_COS,XGB_KM_COS_MAHA,446.0,0.061600530717520786
RF_KM_SCAN_COS,XGB_HDBSCAN_NN,355.0,0.09695462948385966
RF_KM_SCAN_COS,XGB_HDBSCAN_COS,423.0,0.39475338062750176
RF_KM_SCAN_COS,XGB_KM_SCAN_NN,420.5,0.6942788027282295
RF_KM_SCAN_COS,XGB_KM_SCAN_COS,367.0,0.1282978015541217
RF_KM_SCAN_COS,XGB_KM_SCAN_COS_MAHA,461.5,0.12494853201056008
RF_KM_SCAN_COS,XGBRF,217.0,0.001917160581860092
RF_KM_SCAN_COS,XGBRF_KM_C,357.0,0.002167879313370048
RF_KM_SCAN_COS,XGBRF_KM_NN,437.0,0.004482902132040875
RF_KM_SCAN_COS,XGBRF_KM_COS,381.5,0.0015589859556796653
RF_KM_SCAN_COS,XGBRF_KM_COS_MAHA,401.0,0.00456232547977348
RF_KM_SCAN_COS,XGBRF_HDBSCAN_NN,408.0,0.7677310986337837
RF_KM_SCAN_COS,XGBRF_HDBSCAN_COS,350.0,0.7636283486038746
RF_KM_SCAN_COS,XGBRF_KM_SCAN_NN,436.5,0.17401503342741764
RF_KM_SCAN_COS,XGBRF_KM_SCAN_COS,425.0,0.7364303171392353
RF_KM_SCAN_COS,XGBRF_KM_SCAN_COS_MAHA,392.0,0.005706057744282069
RF_KM_SCAN_COS_MAHA,XGB,276.0,0.10977117670504039
RF_KM_SCAN_COS_MAHA,XGB_KM_C,149.5,0.029641678021377082
RF_KM_SCAN_COS_MAHA,XGB_KM_NN,132.5,0.8659603441921206
RF_KM_SCAN_COS_MAHA,XGB_KM_COS,272.0,0.14565435028130522
RF_KM_SCAN_COS_MAHA,XGB_KM_COS_MAHA,227.5,0.022058622312130394
RF_KM_SCAN_COS_MAHA,XGB_HDBSCAN_NN,173.5,0.031600892205651834
RF_KM_SCAN_COS_MAHA,XGB_HDBSCAN_COS,326.0,0.3652702872564211
RF_KM_SCAN_COS_MAHA,XGB_KM_SCAN_NN,157.5,0.6447926150559615
RF_KM_SCAN_COS_MAHA,XGB_KM_SCAN_COS,187.0,0.055985694514006874
RF_KM_SCAN_COS_MAHA,XGB_KM_SCAN_COS_MAHA,244.5,0.15250863590161642
RF_KM_SCAN_COS_MAHA,XGBRF,252.0,0.0026347132598480458
RF_KM_SCAN_COS_MAHA,XGBRF_KM_C,147.5,0.00019161368770438585
RF_KM_SCAN_COS_MAHA,XGBRF_KM_NN,146.5,0.00032996432338742624
RF_KM_SCAN_COS_MAHA,XGBRF_KM_COS,157.5,0.0001067704943443696
RF_KM_SCAN_COS_MAHA,XGBRF_KM_COS_MAHA,208.0,0.0006082939534929532
RF_KM_SCAN_COS_MAHA,XGBRF_HDBSCAN_NN,428.5,0.9789569162850877
RF_KM_SCAN_COS_MAHA,XGBRF_HDBSCAN_COS,304.0,0.6426105070726307
RF_KM_SCAN_COS_MAHA,XGBRF_KM_SCAN_NN,349.5,0.2876738331348484
RF_KM_SCAN_COS_MAHA,XGBRF_KM_SCAN_COS,273.5,0.8984570966716002
RF_KM_SCAN_COS_MAHA,XGBRF_KM_SCAN_COS_MAHA,145.5,0.0005025534859011156
XGB,XGB_KM_C,475.0,0.4682083436965462
XGB,XGB_KM_NN,304.0,0.15023488129876097
XGB,XGB_KM_COS,480.0,0.5028297520587032
XGB,XGB_KM_COS_MAHA,576.0,0.7146744671724651
XGB,XGB_HDBSCAN_NN,537.0,0.5958955126908175
XGB,XGB_HDBSCAN_COS,418.0,0.3662431970238903
XGB,XGB_KM_SCAN_NN,329.0,0.18595613544181278
XGB,XGB_KM_SCAN_COS,475.0,0.4653864435614341
XGB,XGB_KM_SCAN_COS_MAHA,504.0,0.519383585194838
XGB,XGBRF,0.0,0.005887981359559556
XGB,XGBRF_KM_C,746.0,0.6665884545099365
XGB,XGBRF_KM_NN,730.0,0.7328558357450028
XGB,XGBRF_KM_COS,778.0,0.540798978153346
XGB,XGBRF_KM_COS_MAHA,767.0,0.6295650940058047
XGB,XGBRF_HDBSCAN_NN,303.0,0.14761797363322518
XGB,XGBRF_HDBSCAN_COS,257.0,0.09764431603663937
XGB,XGBRF_KM_SCAN_NN,472.0,0.6054531818478441
XGB,XGBRF_KM_SCAN_COS,357.0,0.23113107803177912
XGB,XGBRF_KM_SCAN_COS_MAHA,735.0,0.764268635459968
XGB_KM_C,XGB_KM_NN,18.0,0.0010944405242814736
XGB_KM_C,XGB_KM_COS,115.5,0.4913477993638695
XGB_KM_C,XGB_KM_COS_MAHA,112.5,0.4331686053734015
XGB_KM_C,XGB_HDBSCAN_NN,109.0,0.8204450893770361
XGB_KM_C,XGB_HDBSCAN_COS,212.5,0.48389001085487915
XGB_KM_C,XGB_KM_SCAN_NN,74.5,0.00982267414211135
XGB_KM_C,XGB_KM_SCAN_COS,107.5,0.5348223354614638
XGB_KM_C,XGB_KM_SCAN_COS_MAHA,124.0,0.4548633919070466
XGB_KM_C,XGBRF,392.0,0.010442005830018839
XGB_KM_C,XGBRF_KM_C,42.5,0.0020203795330908255
XGB_KM_C,XGBRF_KM_NN,60.5,0.010122506139271901
XGB_KM_C,XGBRF_KM_COS,51.0,0.0014685559681084938
XGB_KM_C,XGBRF_KM_COS_MAHA,61.5,0.003617568555585504
XGB_KM_C,XGBRF_HDBSCAN_NN,159.0,0.028566957452424272
XGB_KM_C,XGBRF_HDBSCAN_COS,125.0,0.015160921167202576
XGB_KM_C,XGBRF_KM_SCAN_NN,282.0,0.585146030223672
XGB_KM_C,XGBRF_KM_SCAN_COS,100.0,0.031328441136664935
XGB_KM_C,XGBRF_KM_SCAN_COS_MAHA,52.0,0.008538019384380157
XGB_KM_NN,XGB_KM_COS,87.0,0.021903194418100826
XGB_KM_NN,XGB_KM_COS_MAHA,51.0,0.00045157088991521784
XGB_KM_NN,XGB_HDBSCAN_NN,28.5,0.0013378639091731846
XGB_KM_NN,XGB_HDBSCAN_COS,127.0,0.13263901101450218
XGB_KM_NN,XGB_KM_SCAN_NN,33.0,0.20155108173924619
XGB_KM_NN,XGB_KM_SCAN_COS,28.0,0.0038180500165818864
XGB_KM_NN,XGB_KM_SCAN_COS_MAHA,100.0,0.028834911400205474
XGB_KM_NN,XGBRF,259.0,0.001987146752675659
XGB_KM_NN,XGBRF_KM_C,11.5,2.748087097805388e-06
XGB_KM_NN,XGBRF_KM_NN,17.0,7.800631765051282e-06
XGB_KM_NN,XGBRF_KM_COS,10.0,2.2368122053402773e-06
XGB_KM_NN,XGBRF_KM_COS_MAHA,17.0,4.374347419047118e-06
XGB_KM_NN,XGBRF_HDBSCAN_NN,222.5,0.8353950482179547
XGB_KM_NN,XGBRF_HDBSCAN_COS,159.5,0.6813454830889485
XGB_KM_NN,XGBRF_KM_SCAN_NN,194.5,0.12001752607372795
XGB_KM_NN,XGBRF_KM_SCAN_COS,126.0,0.7121346747110026
XGB_KM_NN,XGBRF_KM_SCAN_COS_MAHA,15.0,1.4573887820733874e-05
XGB_KM_COS,XGB_KM_COS_MAHA,43.5,0.06527450978947033
XGB_KM_COS,XGB_HDBSCAN_NN,120.5,0.5891101209684595
XGB_KM_COS,XGB_HDBSCAN_COS,178.0,0.5650097933970915
XGB_KM_COS,XGB_KM_SCAN_NN,157.0,0.11674525248978596
XGB_KM_COS,XGB_KM_SCAN_COS,125.5,0.9737934442590827
XGB_KM_COS,XGB_KM_SCAN_COS_MAHA,67.0,0.958025455470674
XGB_KM_COS,XGBRF,453.0,0.019087974757496535
XGB_KM_COS,XGBRF_KM_C,43.5,0.0012156729111299255
XGB_KM_COS,XGBRF_KM_NN,84.0,0.010400710892245636
XGB_KM_COS,XGBRF_KM_COS,21.0,0.00032743584979012943
XGB_KM_COS,XGBRF_KM_COS_MAHA,21.0,0.0005365586887029499
XGB_KM_COS,XGBRF_HDBSCAN_NN,78.0,0.037896206730881135
XGB_KM_COS,XGBRF_HDBSCAN_COS,76.5,0.011061199174634133
XGB_KM_COS,XGBRF_KM_SCAN_NN,197.5,0.6627088733385158
XGB_KM_COS,XGBRF_KM_SCAN_COS,48.0,0.029713043917078713
XGB_KM_COS,XGBRF_KM_SCAN_COS_MAHA,34.5,0.004290370503457148
XGB_KM_COS_MAHA,XGB_HDBSCAN_NN,134.0,0.4388737321438265
XGB_KM_COS_MAHA,XGB_HDBSCAN_COS,152.0,0.09475324107773427
XGB_KM_COS_MAHA,XGB_KM_SCAN_NN,116.0,0.005128106570609418
XGB_KM_COS_MAHA,XGB_KM_SCAN_COS,122.5,0.17436700415361228
XGB_KM_COS_MAHA,XGB_KM_SCAN_COS_MAHA,74.5,0.049450398897025474
XGB_KM_COS_MAHA,XGBRF,453.0,0.019679628700706584
XGB_KM_COS_MAHA,XGBRF_KM_C,141.5,0.05858112947464989
XGB_KM_COS_MAHA,XGBRF_KM_NN,207.0,0.1843322211316879
XGB_KM_COS_MAHA,XGBRF_KM_COS,130.0,0.033044177628757734
XGB_KM_COS_MAHA,XGBRF_KM_COS_MAHA,130.0,0.055477865661637205
XGB_KM_COS_MAHA,XGBRF_HDBSCAN_NN,126.5,0.0055863425537390305
XGB_KM_COS_MAHA,XGBRF_HDBSCAN_COS,66.5,0.0017347440323715801
XGB_KM_COS_MAHA,XGBRF_KM_SCAN_NN,287.0,0.4677569189033782
XGB_KM_COS_MAHA,XGBRF_KM_SCAN_COS,65.5,0.002834616638236442
XGB_KM_COS_MAHA,XGBRF_KM_SCAN_COS_MAHA,121.0,0.16103808472474845
XGB_HDBSCAN_NN,XGB_HDBSCAN_COS,74.0,0.3917108786956458
XGB_HDBSCAN_NN,XGB_KM_SCAN_NN,46.0,0.014752077701671721
XGB_HDBSCAN_NN,XGB_KM_SCAN_COS,50.5,0.5864632062270975
XGB_HDBSCAN_NN,XGB_KM_SCAN_COS_MAHA,102.0,0.6352562959972483
XGB_HDBSCAN_NN,XGBRF,421.0,0.013927433420177233
XGB_HDBSCAN_NN,XGBRF_KM_C,67.0,0.003124229933150211
XGB_HDBSCAN_NN,XGBRF_KM_NN,99.0,0.029114079154174268
XGB_HDBSCAN_NN,XGBRF_KM_COS,45.0,0.0008222569482455066
XGB_HDBSCAN_NN,XGBRF_KM_COS_MAHA,40.5,0.002822609207582272
XGB_HDBSCAN_NN,XGBRF_HDBSCAN_NN,36.0,0.005223552978327481
XGB_HDBSCAN_NN,XGBRF_HDBSCAN_COS,28.0,0.002054111128537632
XGB_HDBSCAN_NN,XGBRF_KM_SCAN_NN,232.0,0.9917191218582255
XGB_HDBSCAN_NN,XGBRF_KM_SCAN_COS,32.5,0.005868472262317048
XGB_HDBSCAN_NN,XGBRF_KM_SCAN_COS_MAHA,61.5,0.019267521559016575
XGB_HDBSCAN_COS,XGB_KM_SCAN_NN,106.0,0.3255562172283817
XGB_HDBSCAN_COS,XGB_KM_SCAN_COS,148.0,0.48247067473898453
XGB_HDBSCAN_COS,XGB_KM_SCAN_COS_MAHA,138.5,0.515258386425774
XGB_HDBSCAN_COS,XGBRF,340.0,0.00651435980404216
XGB_HDBSCAN_COS,XGBRF_KM_C,164.0,0.007232922579319893
XGB_HDBSCAN_COS,XGBRF_KM_NN,207.5,0.016788260798339942
XGB_HDBSCAN_COS,XGBRF_KM_COS,140.0,0.0021189009877129786
XGB_HDBSCAN_COS,XGBRF_KM_COS_MAHA,126.5,0.005245877856646843
XGB_HDBSCAN_COS,XGBRF_HDBSCAN_NN,82.0,0.14620339548637246
XGB_HDBSCAN_COS,XGBRF_HDBSCAN_COS,48.5,0.06018182417332213
XGB_HDBSCAN_COS,XGBRF_KM_SCAN_NN,159.0,0.31384883819631804
XGB_HDBSCAN_COS,XGBRF_KM_SCAN_COS,97.5,0.21473133198162664
XGB_HDBSCAN_COS,XGBRF_KM_SCAN_COS_MAHA,122.5,0.012621532140795285
XGB_KM_SCAN_NN,XGB_KM_SCAN_COS,60.0,0.01664392224695263
XGB_KM_SCAN_NN,XGB_KM_SCAN_COS_MAHA,140.0,0.14574437629031003
XGB_KM_SCAN_NN,XGBRF,260.0,0.0020972107083005102
XGB_KM_SCAN_NN,XGBRF_KM_C,43.0,1.1129597657001891e-05
XGB_KM_SCAN_NN,XGBRF_KM_NN,50.5,3.440989088787632e-05
XGB_KM_SCAN_NN,XGBRF_KM_COS,50.5,7.3019336113966295e-06
XGB_KM_SCAN_NN,XGBRF_KM_COS_MAHA,36.0,1.5466666871728256e-05
XGB_KM_SCAN_NN,XGBRF_HDBSCAN_NN,171.0,0.9082303301763985
XGB_KM_SCAN_NN,XGBRF_HDBSCAN_COS,127.5,0.5168966772712117
XGB_KM_SCAN_NN,XGBRF_KM_SCAN_NN,207.5,0.18780272797134934
XGB_KM_SCAN_NN,XGBRF_KM_SCAN_COS,144.5,0.8737119972030357
XGB_KM_SCAN_NN,XGBRF_KM_SCAN_COS_MAHA,45.0,5.8222726373204545e-05
XGB_KM_SCAN_COS,XGB_KM_SCAN_COS_MAHA,134.5,0.914521456696733
XGB_KM_SCAN_COS,XGBRF,365.0,0.007824159146304941
XGB_KM_SCAN_COS,XGBRF_KM_C,51.5,0.0014607740990525535
XGB_KM_SCAN_COS,XGBRF_KM_NN,70.5,0.006890379898231475
XGB_KM_SCAN_COS,XGBRF_KM_COS,28.0,0.00043243522851757975
XGB_KM_SCAN_COS,XGBRF_KM_COS_MAHA,24.5,0.0013997447893547247
XGB_KM_SCAN_COS,XGBRF_HDBSCAN_NN,74.0,0.02790416800629032
XGB_KM_SCAN_COS,XGBRF_HDBSCAN_COS,55.0,0.01053414295529406
XGB_KM_SCAN_COS,XGBRF_KM_SCAN_NN,283.5,0.8092854702611941
XGB_KM_SCAN_COS,XGBRF_KM_SCAN_COS,64.5,0.041055461470991206
XGB_KM_SCAN_COS,XGBRF_KM_SCAN_COS_MAHA,35.5,0.002874926301596707
XGB_KM_SCAN_COS_MAHA,XGBRF,416.0,0.012242094071316458
XGB_KM_SCAN_COS_MAHA,XGBRF_KM_C,42.0,0.0006323986698620067
XGB_KM_SCAN_COS_MAHA,XGBRF_KM_NN,62.0,0.0035920074624411643
XGB_KM_SCAN_COS_MAHA,XGBRF_KM_COS,20.0,0.00010957759373923872
XGB_KM_SCAN_COS_MAHA,XGBRF_KM_COS_MAHA,12.0,0.0002801700597629177
XGB_KM_SCAN_COS_MAHA,XGBRF_HDBSCAN_NN,62.5,0.020478606501049854
XGB_KM_SCAN_COS_MAHA,XGBRF_HDBSCAN_COS,49.0,0.010849913308331188
XGB_KM_SCAN_COS_MAHA,XGBRF_KM_SCAN_NN,204.0,0.7687580919715433
XGB_KM_SCAN_COS_MAHA,XGBRF_KM_SCAN_COS,31.0,0.015591327663407113
XGB_KM_SCAN_COS_MAHA,XGBRF_KM_SCAN_COS_MAHA,17.5,0.0009847194870255913
XGBRF,XGBRF_KM_C,708.0,0.12404789222997908
XGBRF,XGBRF_KM_NN,702.0,0.11269418919961266
XGBRF,XGBRF_KM_COS,783.0,0.16987961860203837
XGBRF,XGBRF_KM_COS_MAHA,740.0,0.13508084935127437
XGBRF,XGBRF_HDBSCAN_NN,257.0,0.0018480569175448418
XGBRF,XGBRF_HDBSCAN_COS,215.0,0.001031910815366362
XGBRF,XGBRF_KM_SCAN_NN,415.0,0.01960884541415206
XGBRF,XGBRF_KM_SCAN_COS,284.0,0.002832042232423886
XGBRF,XGBRF_KM_SCAN_COS_MAHA,665.0,0.09235535709372421
XGBRF_KM_C,XGBRF_KM_NN,15.0,0.36959998429278107
XGBRF_KM_C,XGBRF_KM_COS,8.0,0.5961126657233238
XGBRF_KM_C,XGBRF_KM_COS_MAHA,22.5,0.6053360010864423
XGBRF_KM_C,XGBRF_HDBSCAN_NN,89.5,3.724384828542004e-05
XGBRF_KM_C,XGBRF_HDBSCAN_COS,62.0,9.403885276163919e-06
XGBRF_KM_C,XGBRF_KM_SCAN_NN,209.0,0.02954692348963026
XGBRF_KM_C,XGBRF_KM_SCAN_COS,35.0,3.4620966537371776e-05
XGBRF_KM_C,XGBRF_KM_SCAN_COS_MAHA,15.0,0.1999724572437077
XGBRF_KM_NN,XGBRF_KM_COS,7.0,0.22994905679421362
XGBRF_KM_NN,XGBRF_KM_COS_MAHA,41.5,0.777837507624792
XGBRF_KM_NN,XGBRF_HDBSCAN_NN,142.5,0.0004558520758808649
XGBRF_KM_NN,XGBRF_HDBSCAN_COS,115.0,0.00016130240173308912
XGBRF_KM_NN,XGBRF_KM_SCAN_NN,249.5,0.07306956998206277
XGBRF_KM_NN,XGBRF_KM_SCAN_COS,74.0,0.0004755199301899562
XGBRF_KM_NN,XGBRF_KM_SCAN_COS_MAHA,19.0,0.6770625436041271
XGBRF_KM_COS,XGBRF_KM_COS_MAHA,10.0,0.2567065005208341
XGBRF_KM_COS,XGBRF_HDBSCAN_NN,62.0,5.661099314109148e-06
XGBRF_KM_COS,XGBRF_HDBSCAN_COS,33.5,1.0675575597563924e-06
XGBRF_KM_COS,XGBRF_KM_SCAN_NN,163.5,0.011607380971511365
XGBRF_KM_COS,XGBRF_KM_SCAN_COS,8.0,3.7211992227254706e-06
XGBRF_KM_COS,XGBRF_KM_SCAN_COS_MAHA,4.5,0.057779571123597245
XGBRF_KM_COS_MAHA,XGBRF_HDBSCAN_NN,40.5,2.179104609483187e-05
XGBRF_KM_COS_MAHA,XGBRF_HDBSCAN_COS,33.5,4.288867818598449e-06
XGBRF_KM_COS_MAHA,XGBRF_KM_SCAN_NN,218.0,0.02519398499196457
XGBRF_KM_COS_MAHA,XGBRF_KM_SCAN_COS,8.0,8.934763097296716e-06
XGBRF_KM_COS_MAHA,XGBRF_KM_SCAN_COS_MAHA,14.0,0.3105183503312049
XGBRF_HDBSCAN_NN,XGBRF_HDBSCAN_COS,52.0,0.6481035705148456
XGBRF_HDBSCAN_NN,XGBRF_KM_SCAN_NN,36.5,0.003204012684763165
XGBRF_HDBSCAN_NN,XGBRF_KM_SCAN_COS,60.0,0.6770709695565569
XGBRF_HDBSCAN_NN,XGBRF_KM_SCAN_COS_MAHA,75.0,0.00011110510035326972
XGBRF_HDBSCAN_COS,XGBRF_KM_SCAN_NN,37.5,0.003748052471071074
XGBRF_HDBSCAN_COS,XGBRF_KM_SCAN_COS,26.0,0.30501472210184033
XGBRF_HDBSCAN_COS,XGBRF_KM_SCAN_COS_MAHA,51.5,5.188339874751331e-05
XGBRF_KM_SCAN_NN,XGBRF_KM_SCAN_COS,50.0,0.03821673679264389
XGBRF_KM_SCAN_NN,XGBRF_KM_SCAN_COS_MAHA,192.5,0.06737459798060386
XGBRF_KM_SCAN_COS,XGBRF_KM_SCAN_COS_MAHA,22.0,0.00010405285456987774
